"voucher_product_id","branch_id"
"e4165208-cb19-46b5-b5e6-3a7fec1203ca","1"
"c34b1332-3883-4de6-b28f-83704be70d46","2"
"c34b1332-3883-4de6-b28f-83704be70d46","3"
"c34b1332-3883-4de6-b28f-83704be70d46","4"
"81ba1e35-44a4-4cdd-9d41-d12a900a8356","5"
"71b0e096-648e-4331-b62a-6c25061f6d1f","6"
"69c0616e-feb0-46cd-bbf3-0910d6dfe194","5"
"734dfedb-1813-4adc-b746-b9f2246896ad","7"
"f43f4996-240b-443e-bbab-a817f33597a4","8"
"fb108e9b-afbe-4aed-9908-6bd7cde62809","9"
"c336aba7-9e4c-4963-84ad-673cd0730f07","10"
"b467f6ac-cf19-4894-985f-a361671a4622","11"
"17f2d5fd-969d-4f5c-aa2e-5578612d45cb","12"
"72e97018-1b56-4301-8234-af872f1ce791","13"
"cfc10db3-6b8d-45d3-8f89-0652edaa6b1f","14"
"a4cb9640-0a93-4f16-ab54-d87f13a0664e","7"
"58a34ede-59db-46d8-8c4d-6dfc5a7a1d5c","15"
"58a34ede-59db-46d8-8c4d-6dfc5a7a1d5c","16"
"58a34ede-59db-46d8-8c4d-6dfc5a7a1d5c","17"
"58a34ede-59db-46d8-8c4d-6dfc5a7a1d5c","18"
"58a34ede-59db-46d8-8c4d-6dfc5a7a1d5c","19"
"58a34ede-59db-46d8-8c4d-6dfc5a7a1d5c","20"
"6e91da31-a6e8-4d79-9309-c0d9764df9dc","21"
"b50041a5-1876-4a11-a4d7-b40eca1b441f","22"
"f88339ac-e771-44ec-8594-1119d6c8fdf8","23"
"51052ea7-40cd-41bf-9234-628a5c453797","24"
"0b4390c5-0ec9-4b50-993b-5084b09883ed","22"
"79434e85-4191-46b5-9b4d-0d6b51fe926f","25"
"40659b5c-4619-46d6-8b5f-c5c1721fc5ee","26"
"265d9ea0-c958-427b-852e-3999ec55581e","27"
"265d9ea0-c958-427b-852e-3999ec55581e","28"
"24ec7b57-8916-4340-be36-dce5590902ce","29"
"da5101cc-71bc-48de-9037-3230b93fefdf","30"
"17fe10a2-7fe5-4d83-8d2e-b07966e2f9f3","31"
"30b9a37e-0da0-4db2-bb9e-b08019cf9b78","32"
"927650f3-056a-4fd3-a464-a1bef387f4ef","32"
"6ce1bde0-c81e-4b5b-a1f0-2ea98681a1da","22"
"29125a98-0781-476a-9c00-3c873eab0d20","33"
"eece4781-608b-40e7-bb77-b1ccda534bca","34"
"367b88e9-4a1d-48a7-bba4-8a6ce2fbe833","35"
"5745d74a-0b3c-44e3-b9c6-9c526ce6265c","36"
"ae3ac132-e2a0-499f-9f9e-8bbee5a4b9a8","15"
"ae3ac132-e2a0-499f-9f9e-8bbee5a4b9a8","16"
"ae3ac132-e2a0-499f-9f9e-8bbee5a4b9a8","17"
"ae3ac132-e2a0-499f-9f9e-8bbee5a4b9a8","18"
"ae3ac132-e2a0-499f-9f9e-8bbee5a4b9a8","19"
"ae3ac132-e2a0-499f-9f9e-8bbee5a4b9a8","20"
"dc08ced0-4a70-45d2-8380-d22d1518859f","31"
"9d57077a-5b16-4724-b651-f1e2466975b1","6"
"7b2cff3c-fd9d-4238-b16d-3f86b60b8cd9","15"
"7b2cff3c-fd9d-4238-b16d-3f86b60b8cd9","16"
"7b2cff3c-fd9d-4238-b16d-3f86b60b8cd9","17"
"7b2cff3c-fd9d-4238-b16d-3f86b60b8cd9","18"
"7b2cff3c-fd9d-4238-b16d-3f86b60b8cd9","19"
"7b2cff3c-fd9d-4238-b16d-3f86b60b8cd9","20"
"a35b71a7-65c5-4e3e-8069-ea606d2f0802","33"
"481a467b-12f6-4740-863a-48c87d7eae44","25"
"4794b81c-5220-41ed-af8f-976657a3ecef","34"
"312c5edf-00c3-4b34-995b-37d6a1bc1c6d","37"
"673d69ce-bcfd-4301-a18f-0ff62c693970","38"
"7bf4fffe-ecb5-46eb-9621-c894e1552fc9","38"
"5e6ff94c-f1c4-4aae-8536-3e10b84f1011","39"
"eb0ee559-650e-49d5-83a9-4045f5881d1b","40"
"dfdb5623-e302-4a61-a4f3-ecb7c910af91","25"
"110794dd-9d20-4d74-9d14-71ded1763f9a","41"
"873b6e67-2d43-4cda-ad7c-2017bb53642f","42"
"1be02e0b-b915-4502-b05d-176af4d40fb0","43"
"c8299641-5c70-4fd6-87f1-3ef319a0fb36","42"
"ab18665c-9ae3-4524-b924-cfac8ebf4514","44"
"f524831f-c66e-4b56-a689-964478c3d8d3","13"
"c14a4a18-d941-42ca-a21d-92c16288c818","45"
"82a5ddeb-acc7-4fff-8c5c-23ffb462c24b","46"
"eb016f22-0f49-4087-8252-46e3f70a71e2","47"
"eb016f22-0f49-4087-8252-46e3f70a71e2","48"
"3df9cd85-916a-4d2f-99cd-28d3cb58fbc1","49"
"596449d2-2f11-4c8f-ab3c-d89e2f51d5b4","50"
"a105a756-1e29-468f-bf68-c02e4c2ada8c","51"
"907beb29-74fe-4b67-974d-947e3932f4a1","52"
"f70872b1-c95a-4d10-a9d8-d68f90d03aeb","46"
"9d65f4c4-1378-456e-be81-ef089f3d177e","44"
"feeb744e-9506-435a-971c-d14c7b4dd720","53"
"e52fd999-7723-4186-b1c5-b5fe694881e3","54"
"0a6c4fb1-bcfa-4e1a-8e08-874167fda2a4","46"
"059a7f9f-7004-4170-a89e-0575095644a4","13"
"2dfddc10-0ca0-42d5-b359-47a00e61e03d","55"
"cbe93d62-1e9e-4fed-af3b-c76407711577","56"
"cbe93d62-1e9e-4fed-af3b-c76407711577","57"
"cbe93d62-1e9e-4fed-af3b-c76407711577","58"
"cbe93d62-1e9e-4fed-af3b-c76407711577","59"
"cbe93d62-1e9e-4fed-af3b-c76407711577","60"
"45563a01-0d79-4eb0-abd9-10e8682ec189","50"
"6e403311-7914-4903-90ac-ee012af07e15","61"
"e68bef87-19cc-474c-bd87-1b33f3ba94ef","61"
"b145e80b-9066-44ce-ab61-5b78ff0e4b76","45"
"e408bc8e-b90e-46ff-8a8b-96a6ec6eed59","62"
"9d050213-cd1d-4874-a7ad-180c62499e9c","62"
"e5de1853-5e95-4e98-b066-fca1a8ec8896","63"
"0d3a972c-f81a-4b99-9fb8-33060846d82e","14"
"0e506309-6429-4d07-a803-9b8f0a952cfd","50"
"fcf0d58c-8351-4c0c-ab1c-dffdd66b8af1","64"
"3cf588df-535c-467a-a621-4a2fe615f2aa","13"
"8e9bea0c-18ee-4cc3-b819-439b0414d472","65"
"4c188288-a495-40ad-ae24-039173f97b9e","66"
"fa18fcca-fd37-4e80-8411-f52522695182","66"
"6bbafcea-2610-4f59-a9f6-938b4eb0a373","67"
"be6fed40-5ebb-4a93-8296-52809439be04","67"
"8e5aaa7d-d69a-49b9-b65e-3c2e57a7f4a5","67"
"0b537d75-74ca-4256-ae0b-2472ca329b89","12"
"35d6876f-5174-4a04-8727-f2e8a695a98a","12"
"cf1b8dfc-5cc0-477f-a9c3-28d600b0c849","68"
"4a4c87b0-c509-4c1a-9248-85471e2e5414","69"
"42678bc3-6faa-4782-af0b-5bf9783d2e85","70"
"71d36b3e-0a1d-4612-b3f6-f10806899c79","71"
"0f67f9d9-8e42-4de7-b74c-cdc92095ac04","72"
"16a78702-6a41-471b-a0d7-19873fd2c8f8","73"
"cc6b2e6d-4fc1-432a-93e1-e9c10a87e793","74"
"1f8218c5-fa07-4f08-84c2-4de56de05ec8","75"
"0df41d87-9912-4745-957d-f8f39c5c7ebe","73"
"087c2d48-dc57-4f30-9ee4-5309df671215","76"
"43fdec97-0189-4975-b143-ec7a79005811","77"
"3eb19781-f55c-4bb0-8f9b-a750412c3b57","78"
"5754d785-df61-4649-9532-520c810ff320","79"
"db70f481-262d-48d1-91ac-8f0e5ae9a9b6","9"
"15e4b10a-ce86-4fda-9c93-2d709fb70699","80"
"15e4b10a-ce86-4fda-9c93-2d709fb70699","81"
"d94f45e7-07f0-4b5b-94c8-d23b1581ee31","80"
"d94f45e7-07f0-4b5b-94c8-d23b1581ee31","81"
"79f7877e-a947-4911-87e7-56ce4ee6e777","82"
"a225d942-2272-4ad9-9a49-8cb44962c9f9","83"
"1058fb7e-c86e-4efa-933f-9d20808c9f82","84"
"acd9b9d3-4e27-47fc-9c4f-481f1d648fa8","21"
"480150fe-4328-4891-ad3f-30db80400ae3","22"
"ef621cbe-af23-4629-880d-db071919ae78","24"
"9c402ff0-5452-449d-9a30-2f011c6da29e","85"
"9c402ff0-5452-449d-9a30-2f011c6da29e","86"
"9c402ff0-5452-449d-9a30-2f011c6da29e","87"
"a8d36a36-f68a-48d7-a800-a451b014b05f","27"
"a8d36a36-f68a-48d7-a800-a451b014b05f","28"
"f61d7ee2-3f6c-4aa2-a09b-b26517c83856","88"
"2cbdd234-326d-4bc1-85a4-e2c33c9e8f15","41"
"16792682-9e76-49a1-ae4a-71033b269d0b","41"
"948e3c3d-90e3-46e4-99ef-2d12c790a50a","89"
"6b4319ee-daa9-49d4-bef4-6a7701df7b50","7"
"bb27de9a-b1e9-4182-ae3c-64b2de916d02","7"
"718f38bf-fbbf-4d4f-a6a5-a946065b02ef","90"
"66885926-11f2-4470-8cc3-be27566f048c","90"
"079245f8-d9ff-491f-8d4b-8ac4bcd8c909","90"
"82eb6268-a34f-45aa-bf5e-52a60b01117a","13"
"21beb947-3f0d-4050-a9be-1c71f209c1a4","52"
"fb64b28b-6a8f-42fd-910c-4707225910e5","55"
"6611d9bc-d7a5-43db-968f-a50649194f9a","55"
"99c9b6b6-69c6-4b96-a7ba-5d1104a3b7a8","54"
"07a1d415-7ac1-4ef2-a8fa-29f21373edda","53"
"b3c5b458-b171-4aa1-832d-2d810364fe7b","55"
"c38cfcf1-8601-4b66-9c3d-7a768575444b","91"
"a55b5eb2-9ecf-44c5-af70-71750ec58a40","65"
"67211ffa-cec7-4c78-9b74-23eb707e0e84","65"
