"id","partner_id","name","address","region","is_active"
"3001","4a4c007f-e1b5-54e2-8bdf-f02f97bf926c","Chi nhánh TP. Hồ Chí Minh","DiaB hiện đã có trên LifeLink với quy trình đăng ký nhanh chóng, ưu đãi hấp dẫn và dịch vụ chuyên nghiệp. S","TP. Hồ Chí Minh","true"
"3002","b07676bf-c59c-5da6-8208-5b4827f3f4c8","Chi nhánh Hà Nội","ImeatU"" sẽ là lựa chọn hoàn hảo cho một bữa tiệc nướng ấm áp, tròn vị vào những ngày đông của Hà Nội","Hà Nội","true"
"3003","90babb24-f858-581d-b4cc-495088892031","Ngọc Dung Quận 10","32-34-36 Đường 3/2, Phường 12, Quận 10, TP.HCM","TP. Hồ Chí Minh","true"
"3004","90babb24-f858-581d-b4cc-495088892031","Ngọc Dung Huỳnh Thúc Kháng","106 Phố Huỳnh Thúc Kháng, Quận Đống Đa, Hà Nội","Hà Nội","true"
"3005","90babb24-f858-581d-b4cc-495088892031","Ngọc Dung Trần Duy Hưng","65 Trần Duy Hưng, Phường Trung Hòa, Quận Cầu Giấy, Hà Nội","Hà Nội","true"
"3006","90babb24-f858-581d-b4cc-495088892031","Ngọc Dung Đà Nẵng","95 Nguyễn Văn Linh, Phường Nam Dương, Quận Hải Châu, Đà Nẵng","Đà Nẵng","true"
"3007","5bee9a52-bd14-5e7f-8d71-3e8df42758ec","Chi nhánh TP. Hồ Chí Minh","tất cả thành phố bTaskee hoạt đông: TP. Hồ Chí Minh","TP. Hồ Chí Minh","true"
"3008","ea1d94a2-9a0f-5d00-b2b7-61286a841dd7","Hệ thống Toàn Quốc","Áp dụng tại toàn bộ hệ thống cửa hàng trên toàn quốc","Toàn Quốc","true"
"3009","458d1f00-8c77-5f25-83f8-6b18917afa58","Sân khấu Thực cảnh Cố Đô Hoa Lư","Khu di tích Cố Đô Hoa Lư, Xã Trường Yên, Huyện Hoa Lư, Ninh Bình","Ninh Bình","true"
"3010","c988c672-f065-525e-b835-a7e13a9e4ba9","Lotteria Nguyễn Đình Chiểu","106 Nguyễn Đình Chiểu, Phường Đa Kao, Quận 1, TP.HCM","TP. Hồ Chí Minh","true"
"3011","c988c672-f065-525e-b835-a7e13a9e4ba9","Lotteria Lotte Mart Quận 7","Tầng 1, Lotte Mart, 469 Nguyễn Hữu Thọ, Tân Hưng, Quận 7, TP.HCM","TP. Hồ Chí Minh","true"
"3012","c988c672-f065-525e-b835-a7e13a9e4ba9","Lotteria Tràng Tiền","24 Tràng Tiền, Phường Tràng Tiền, Quận Hoàn Kiếm, Hà Nội","Hà Nội","true"
"3013","c988c672-f065-525e-b835-a7e13a9e4ba9","Lotteria Big C Thăng Long","222 Trần Duy Hưng, Phường Trung Hòa, Quận Cầu Giấy, Hà Nội","Hà Nội","true"
"3014","c988c672-f065-525e-b835-a7e13a9e4ba9","Lotteria Đà Nẵng","125 Nguyễn Văn Linh, Phường Nam Dương, Quận Hải Châu, Đà Nẵng","Đà Nẵng","true"
"3015","81cfcf7f-96b4-5529-8004-5cd624553afd","Saga Coffee Capital Place","Tầng B1, Toà Nhà Capital Place, 29 Liễu Giai, Ba Đình, Hà Nội","Hà Nội","true"
"3016","81cfcf7f-96b4-5529-8004-5cd624553afd","Saga Coffee Hanoi Centre","175 Nguyễn Thái Học, Phường Ô Chợ Dừa, Quận Đống Đa, Hà Nội","Hà Nội","true"
"3017","479c2a33-6dc5-5559-a0ef-074aa4a88f98","Chi nhánh Lê Văn Sỹ","291B Lê Văn Sỹ, Phường Tân Sơn Hòa, Quận Tân Bình, TP.HCM","TP. Hồ Chí Minh","true"
"3018","479c2a33-6dc5-5559-a0ef-074aa4a88f98","Chi nhánh Hoàng Hoa Thám","Số 7 Hoàng Hoa Thám, Phường 13, Quận Tân Bình, TP.HCM","TP. Hồ Chí Minh","true"
"3019","e33529e3-154f-58c2-8340-939b9760c3d6","Sườn Mười Thái Hà","128 Thái Hà, Phường Trung Liệt, Quận Đống Đa, Hà Nội","Hà Nội","true"
"3020","e33529e3-154f-58c2-8340-939b9760c3d6","Sườn Mười Hàm Nghi","10 B1 TT4 KĐT Mỹ Đình, Hàm Nghi, Nam Từ Liêm, Hà Nội","Hà Nội","true"
"3021","e33529e3-154f-58c2-8340-939b9760c3d6","Sườn Mười Nguyễn Văn Lộc","117 Nguyễn Văn Lộc, Phường Mộ Lao, Quận Hà Đông, Hà Nội","Hà Nội","true"
"3022","8250598c-24b5-5cd9-9923-c7236350fc21","Kidzooona Aeon Mall Long Biên","Tầng 3, TTTM Aeon Mall Long Biên, 27 Cổ Linh, Long Biên, Hà Nội","Hà Nội","true"
"3023","8250598c-24b5-5cd9-9923-c7236350fc21","Kidzooona Aeon Mall Hà Đông","Tầng 3, TTTM Aeon Mall Hà Đông, Dương Nội, Hà Đông, Hà Nội","Hà Nội","true"
"3024","8250598c-24b5-5cd9-9923-c7236350fc21","Kidzooona Xuan Thuy","Lô S012, Tầng 2, Aeon Xuân Thủy, 122-124 Xuân Thủy, Cầu Giấy, Hà Nội","Hà Nội","true"
"3025","8250598c-24b5-5cd9-9923-c7236350fc21","Kidzooona Aeon Mall Tân Phú","Tầng 2, TTTM Aeon Mall Tân Phú Celadon, Tân Phú, TP.HCM","TP. Hồ Chí Minh","true"
"3026","8250598c-24b5-5cd9-9923-c7236350fc21","Kidzooona Aeon Mall Bình Tân","Tầng 2, TTTM Aeon Mall Bình Tân, Bình Trị Đông B, TP.HCM","TP. Hồ Chí Minh","true"
"3027","a6f91e0a-5b42-5022-b676-df4d39d4090b","Chi nhánh TP. Hồ Chí Minh","Sân bay Quốc tế Tân Sơn Nhất - Vé người lớn Thời gian sử dụng tại Phòng khách là tối đa 03 giờ trước giờ khởi hành ban đầu Địa điểm áp dụng: Tầng 4, Khu cách ly Quốc nội, Nhà ga T3, Cảng HKQT Tân Sơn Nhất Vị trí: Ga đi Quốc nội - Sân Bay Tân Sơn Nhất - TP Hồ Chí Minh","TP. Hồ Chí Minh","true"
"3028","574f0d36-3c24-500e-879c-ff074a7a1ada","VinFast Showroom Times City","TTTM Vincom Mega Mall Times City, 458 Minh Khai, Hai Bà Trưng, Hà Nội","Hà Nội","true"
"3029","574f0d36-3c24-500e-879c-ff074a7a1ada","VinFast Showroom Landmark 81","TTTM Vincom Landmark 81, 720A Điện Biên Phủ, Bình Thạnh, TP.HCM","TP. Hồ Chí Minh","true"
"3030","ede6dba1-b001-5ee7-a3e9-72628126e941","DOJI Tower Hà Nội","Số 5 Lê Duẩn, Phường Điện Biên, Quận Ba Đình, Hà Nội","Hà Nội","true"
"3031","ede6dba1-b001-5ee7-a3e9-72628126e941","DOJI Tower TP.HCM","81-85 Hàm Nghi, Phường Nguyễn Thái Bình, Quận 1, TP.HCM","TP. Hồ Chí Minh","true"
"3032","5730c67b-ddcc-574a-97ab-a5efede3d50b","Du Nhiên Hà Đông","Số 10 ngõ 102 Trần Phú, Phường Mộ Lao, Quận Hà Đông, Hà Nội","Hà Nội","true"
"3033","5730c67b-ddcc-574a-97ab-a5efede3d50b","Du Nhiên Cầu Giấy","86 Dịch Vọng Hậu, Phường Dịch Vọng Hậu, Quận Cầu Giấy, Hà Nội","Hà Nội","true"
"3034","5730c67b-ddcc-574a-97ab-a5efede3d50b","Du Nhiên Hoàn Kiếm","45 Hàng Đường, Phường Hàng Gai, Quận Hoàn Kiếm, Hà Nội","Hà Nội","true"
"3035","eb164c5d-ec5b-573b-aad4-ceaa07060fa8","Chicken Plus Hai Bà Trưng","232 Hai Bà Trưng, Phường Tân Định, Quận 1, TP.HCM","TP. Hồ Chí Minh","true"
"3036","eb164c5d-ec5b-573b-aad4-ceaa07060fa8","Chicken Plus Xô Viết Nghệ Tĩnh","245 Xô Viết Nghệ Tĩnh, Phường 17, Quận Bình Thạnh, TP.HCM","TP. Hồ Chí Minh","true"
"3037","eb164c5d-ec5b-573b-aad4-ceaa07060fa8","Chicken Plus Quang Trung","144 Quang Trung, Phường 10, Quận Gò Vấp, TP.HCM","TP. Hồ Chí Minh","true"
"3038","eb164c5d-ec5b-573b-aad4-ceaa07060fa8","Chicken Plus Cầu Giấy","116 Cầu Giấy, Phường Quan Hoa, Quận Cầu Giấy, Hà Nội","Hà Nội","true"
"3039","eb164c5d-ec5b-573b-aad4-ceaa07060fa8","Chicken Plus Tây Sơn","208 Tây Sơn, Phường Trung Liệt, Quận Đống Đa, Hà Nội","Hà Nội","true"
"3040","eb164c5d-ec5b-573b-aad4-ceaa07060fa8","Chicken Plus Nguyễn Văn Linh","145 Nguyễn Văn Linh, Phường Nam Dương, Quận Hải Châu, Đà Nẵng","Đà Nẵng","true"
"3041","2f0a3121-5519-5e91-b850-f9a56b5a82eb","Chi nhánh Hà Nội","50B Châu Long - Ba Đình - Hà Nội","Hà Nội","true"
"3042","7a9d3480-e300-5061-b7d5-dfa5140a3b93","Chi nhánh Hà Nội","săn view đẳng cấp tại Hà Nội","Hà Nội","true"
"3043","7aeefa16-64d7-5921-921e-73543d809335","Mala Panda Vạn Hạnh Mall","Tầng 6, Vạn Hạnh Mall, 11 Sư Vạn Hạnh, Quận 10, TP.HCM","TP. Hồ Chí Minh","true"
"3044","7aeefa16-64d7-5921-921e-73543d809335","Mala Panda Phan Xích Long","198 Phan Xích Long, Phường 2, Quận Phú Nhuận, TP.HCM","TP. Hồ Chí Minh","true"
"3045","7aeefa16-64d7-5921-921e-73543d809335","Mala Panda Aeon Mall Tân Phú","Tầng 3, Aeon Mall Tân Phú, 30 Bờ Bao Tân Thắng, TP.HCM","TP. Hồ Chí Minh","true"
"3046","42b643c1-aade-546d-9bb1-dca571a6854f","Chi nhánh Hà Nội","Vincom Times City Lotty Friends là khu vui chơi trong nhà đầu tiên được Lotte World phát triển tại Hà Nội","Hà Nội","true"
"3047","cab4918b-d648-55a6-af55-96dc5d0f2ea5","Chi nhánh Hà Nội","Cửa 1C, sảnh Bắc - Ga Hà Nội","Hà Nội","true"
"3048","56489e78-5264-5908-bc44-c082f3432eaf","Chi nhánh Hà Nội","Tầng 3, Lô 05-06-07 toà ROX Center Goldmark City, 136 Hồ Tùng Mậu, Bắc Từ Liêm, Hà Nội","Hà Nội","true"
"3049","3d6cdbd0-8681-5c55-af2a-39019927b83c","Chi nhánh Hà Nội","72B phố Trần Hưng Đạo, phường Trần Hưng Đạo, Quận Hoàn Kiếm, TP Hà Nội","Hà Nội","true"
"3050","6ced969d-6ec8-501f-8627-20c76db7aed5","Chi nhánh Hà Nội","quầy bar, tiền Tip và chi phí cá nhân khác Xe limousine hiện đại hai chiều cao tốc từ Phố Cổ Hà Nội","Hà Nội","true"
"3051","9cd86c00-34c4-5002-a5c6-290e6b011c8a","Hệ thống Toàn Quốc","Áp dụng tại toàn bộ hệ thống cửa hàng trên toàn quốc","Toàn Quốc","true"
"3052","754bf2c5-3571-54ef-b226-1698d115ea12","Chi nhánh Hà Nội","Lô B2-R6-27-28 tầng B2, TTTM Vincom Mega Mall Royal City, số 72A Đường Nguyễn Trãi, Phường Thanh Xuân, TP. H","Hà Nội","true"
"3053","6aad98b6-ab98-5a1f-af06-0c2cbd26f94e","Life4Cuts Lotte Mall Tây Hồ","Tầng 3, Lotte Mall West Lake, 272 Võ Chí Công, Tây Hồ, Hà Nội","Hà Nội","true"
"3054","6aad98b6-ab98-5a1f-af06-0c2cbd26f94e","Life4Cuts Nguyễn Trãi","144 Nguyễn Trãi, Phường Bến Thành, Quận 1, TP.HCM","TP. Hồ Chí Minh","true"
"3055","f425e226-d154-5cdd-a277-52803728d2c0","KDL Sơn Tiên (The Amazing Bay)","Quốc Lộ 51, Khu phố 4, Phường An Hòa, TP. Biên Hòa, Tỉnh Đồng Nai","Đồng Nai","true"
"3056","e033d72f-35b8-5b27-998a-ed076d642bd6","Chi nhánh TP. Hồ Chí Minh","Sài Gòn Xe Thoáng Nóc: (10 xe) Tầng 1: 12 ghế + 4 chỗ đứng và xe lăn Tầng 2: 42 ghế Xe Có Mái: (2 xe) Tầng 1: 12 ghế mềm + 4 chỗ đứng và xe lăn Tầng 2: 40 ghế (20 bên ngoài, 20 bên trong) Xe 1 Tầng: (3 xe) Tầng dưới: 6 ghế và xe lăn Tầng trên: 29 ghế Địa điểm đón khách : Quầy kiosk màu đỏ với logo City Sightseeing Sài Gòn tại Nhà hát Thành Phố - Số 7 Công Trường Lam Sơn, Phường Sài Gòn, TP. Hồ Chí Minh","TP. Hồ Chí Minh","true"
"3057","6be1b529-79ab-5780-b2c9-543c7837c40d","Spicy Box Saigon Centre","Tầng B2, Saigon Centre, 65 Lê Lợi, Phường Bến Nghé, Quận 1, TP.HCM","TP. Hồ Chí Minh","true"
"3058","6be1b529-79ab-5780-b2c9-543c7837c40d","Spicy Box Estella Place","Tầng 4, Estella Place, 88 Song Hành, An Phú, TP. Thủ Đức, TP.HCM","TP. Hồ Chí Minh","true"
"3059","6be1b529-79ab-5780-b2c9-543c7837c40d","Spicy Box GigaMall","Tầng 5, GigaMall Phạm Văn Đồng, Hiệp Bình Chánh, TP. Thủ Đức, TP.HCM","TP. Hồ Chí Minh","true"
"3060","6be1b529-79ab-5780-b2c9-543c7837c40d","Spicy Box Vincom Smart City","Tầng 3, Vincom Mega Mall Smart City, Tây Mỗ, Nam Từ Liêm, Hà Nội","Hà Nội","true"
"3061","573593e2-b5b8-5411-b49a-e19b9c07040c","Chuk Tea & Coffee Hồ Tùng Mậu","119 Hồ Tùng Mậu, Phường Bến Nghé, Quận 1, TP.HCM","TP. Hồ Chí Minh","true"
"3062","573593e2-b5b8-5411-b49a-e19b9c07040c","Chuk Tea & Coffee Phan Xích Long","211 Phan Xích Long, Phường 7, Quận Phú Nhuận, TP.HCM","TP. Hồ Chí Minh","true"
"3063","573593e2-b5b8-5411-b49a-e19b9c07040c","Chuk Tea & Coffee Nguyễn Tri Phương","395 Nguyễn Tri Phương, Phường 5, Quận 10, TP.HCM","TP. Hồ Chí Minh","true"
"3064","c81efc92-72bb-5ddb-b6d5-60b0a351990e","ToCoToCo Hàng Bông","95 Hàng Bông, Phường Hàng Gai, Quận Hoàn Kiếm, Hà Nội","Hà Nội","true"
"3065","c81efc92-72bb-5ddb-b6d5-60b0a351990e","ToCoToCo Cầu Giấy","259 Cầu Giấy, Phường Dịch Vọng, Quận Cầu Giấy, Hà Nội","Hà Nội","true"
"3066","c81efc92-72bb-5ddb-b6d5-60b0a351990e","ToCoToCo Nguyễn Thị Minh Khai","51 Nguyễn Thị Minh Khai, Phường Bến Nghé, Quận 1, TP.HCM","TP. Hồ Chí Minh","true"
"3067","c81efc92-72bb-5ddb-b6d5-60b0a351990e","ToCoToCo Sư Vạn Hạnh","770 Sư Vạn Hạnh, Phường 12, Quận 10, TP.HCM","TP. Hồ Chí Minh","true"
"3068","63399f91-c5d0-5c99-a34b-cc44bf062781","Bến Thuyền Du Lịch Tòa Khâm","49 Lê Lợi, Phường Phú Hội, TP. Huế, Tỉnh Thừa Thiên Huế","Huế","true"
"3069","d7fe495f-d4ca-5551-a40b-94fd87c69adb","VinWonders Nam Hội An","Đường Võ Chí Công, Xã Bình Minh, Huyện Thăng Bình, Tỉnh Quảng Nam","Đà Nẵng","true"
"3070","d7fe495f-d4ca-5551-a40b-94fd87c69adb","VinWonders Nha Trang","Đảo Hòn Tre, Phường Vĩnh Nguyên, TP. Nha Trang, Tỉnh Khánh Hòa","Nha Trang","true"
"3071","d7fe495f-d4ca-5551-a40b-94fd87c69adb","VinKE & Thủy Cung Times City","Tầng B1, TTTM Vincom Mega Mall Times City, 458 Minh Khai, Hà Nội","Hà Nội","true"
"3072","d7fe495f-d4ca-5551-a40b-94fd87c69adb","VinWonders Ocean Park","KĐT Vinhomes Ocean Park 2, Văn Giang, Hưng Yên","Hà Nội","true"
"3073","82348d43-8895-5bcd-af04-cfefdcc396d8","Bãi Cất Cánh Dù Lượn Đồi Bù","Xã Nam Phương Tiến, Huyện Chương Mỹ, Hà Nội","Hà Nội","true"
"3074","82348d43-8895-5bcd-af04-cfefdcc396d8","Bãi Cất Cánh Dù Lượn Sơn Trà","Bán đảo Sơn Trà, Phường Thọ Quang, Quận Sơn Trà, Đà Nẵng","Đà Nẵng","true"
"3075","e0b96ce5-614d-57ba-bd56-6fd575643106","Chi nhánh Đà Nẵng","nhà hát Ầu Ơ Đà Nẵng","Đà Nẵng","true"
"3076","3c6a6778-566b-5697-98e8-928121d5e11f","Dragon Ocean Đồ Sơn","Phường Vạn Hương, Quận Đồ Sơn, TP. Hải Phòng","Hải Phòng","true"
"3077","293424b1-ff6d-5b3c-b06a-6733eb2c8056","Tuần Châu Park","Đảo Tuần Châu, TP. Hạ Long, Tỉnh Quảng Ninh","Quảng Ninh","true"
"3078","e1d8f03e-e4da-5a58-9a94-42987beded30","KDL Bản Mòng","Bản Mòng, Xã Hua La, TP. Sơn La, Tỉnh Sơn La","Tây Bắc","true"
"3079","951e5fcd-5db5-5f58-8e2a-2a9e43d72fd3","TTC Mekong Aqua Park","547D Nguyễn Đình Chiểu, Xã Phú Hưng, TP. Bến Tre","Miền Tây","true"
"3080","b7ef2eea-d2f9-593b-ac0c-8d05b6e32b2b","Chi nhánh Đà Nẵng","sao nên chọn công viên nước Đà Nẵng","Đà Nẵng","true"
"3081","c1e179ca-43dd-58f7-8003-d1f5fe2e31e0","Chi nhánh Hà Nội","du lịch văn hóa, tín ngưỡng nổi tiếng mà còn đem lại cho du khách những trải nghiệm đầy ấn tượng giữa cảnh quan thiên nhiên hoang sơ của vùng đất Hòa Bình và Hà Nội","Hà Nội","true"
"3082","6b26a4f1-60e8-5bf2-b1ca-7da7de952003","Chi nhánh Hà Nội","Medi Thiên Sơn - điểm nghỉ dưỡng lý tưởng tuyệt vời cho bạn và gia đình Medi Thiên Sơn Suối Ngà viên kim cương đắt giá của đất mẹ Ba Vì Đôi nét về Medi Sơn Suối Ngà Medi Thiên Sơn Suối Ngà viên kim cương đắt giá của đất mẹ Ba Vì tọa tại xã Vân Hòa và nằm cách trung tâm thành phố Hà Nội","Hà Nội","true"
"3083","befbfba7-5ab7-5cab-b851-015526e34fab","Wyndham Lynn Times Thanh Thủy","Xã Bảo Yên, Huyện Thanh Thủy, Tỉnh Phú Thọ","Phú Thọ","true"
"3084","11578a94-73f6-5dab-8edb-b4bebdcf6adc","Chi nhánh Hà Nội","thôn 5, xã Bát Tràng, huyện Gia Lâm, thành phố Hà Nội","Hà Nội","true"
"3085","4c9d08f1-5f4b-506d-a160-5f04a1120771","Chi nhánh Hà Nội","hẹn trước tại Hà Nội","Hà Nội","true"
"3086","98d0f71f-f6d8-5c64-aea3-6861274be874","Cầu Kính Rồng Mây Sapa","Đèo Ô Quy Hồ, Xã Sơn Bình, Huyện Tam Đường, Tỉnh Lai Châu","Sapa - Tây Bắc","true"
"3087","3624a2eb-df23-528a-9f23-c2b2844f3c99","Sân khấu Hoa Lư Vũ Họa","Quần thể danh thắng Tràng An, Xã Ninh Xuân, Huyện Hoa Lư, Ninh Bình","Ninh Bình","true"
"3088","46206cb8-48e5-5277-827b-032f2d0255ee","Chi nhánh Hà Nội","Nhà Hát Kim Mã (Số 71 Kim Mã - Ba Đình - Hà Nội","Hà Nội","true"
"3089","2d6da098-f644-5d30-b6f5-b922c80bcb3b","Chi nhánh Hà Nội","Cung điền kinh Hà Nội","Hà Nội","true"
"3090","39dc0091-924e-5933-9ce9-8b35fe906e66","Sân khấu Tinh Hoa Bắc Bộ","Khu du lịch Baara Land, Xã Sài Sơn, Huyện Quốc Oai, Hà Nội","Hà Nội","true"
"3091","da582c0d-5530-5c9e-ab08-15d2736db95f","Nhà Hát Charming Đà Nẵng","02 Cách Mạng Tháng Tám, Phường Hòa Cường Nam, Quận Hải Châu, Đà Nẵng","Đà Nẵng","true"
"3092","af9fad02-012a-5c73-9943-52cd360ed592","Nhà Hát Đó - Vega City Nha Trang","Bãi Tiên, Phường Vĩnh Hòa, TP. Nha Trang, Tỉnh Khánh Hòa","Nha Trang","true"
"3093","638aa61f-7715-5a3c-965b-d7b019d7e5fb","Bến Chèo Sup Bồ Đề","Ngõ 264 Ngọc Thụy, Phường Ngọc Thụy, Quận Long Biên, Hà Nội","Hà Nội","true"
"3094","5e7ee23f-346c-50ca-91d3-0261b468e44c","Tàu Elisa Bến Bạch Đằng","Số 5 Nguyễn Tất Thành, Phường 12, Quận 4, TP.HCM","TP. Hồ Chí Minh","true"
"3095","c98bff69-90cf-5298-a71a-28036c000470","Ga Hà Nội - Phòng Vé Damitrans","120 Lê Duẩn, Phường Cửa Nam, Quận Hoàn Kiếm, Hà Nội","Hà Nội","true"
"3096","fab69ad0-b735-5f41-b081-55bdbb14ebb5","Hệ thống Toàn Quốc","Áp dụng tại toàn bộ hệ thống cửa hàng trên toàn quốc","Toàn Quốc","true"
"3097","5232f91d-76d1-5231-80dc-2434971c7bb0","Ga Cáp Treo Tây Thiên","Xã Đại Đình, Huyện Tam Đảo, Tỉnh Vĩnh Phúc","Vĩnh Phúc","true"
"3098","a575b3b2-098b-56ec-8b4f-c9b720dee564","Dì Mai Lê Thị Hồng Gấm","136-138 Lê Thị Hồng Gấm, Phường Nguyễn Thái Bình, Quận 1, TP.HCM","TP. Hồ Chí Minh","true"
"3099","a575b3b2-098b-56ec-8b4f-c9b720dee564","Dì Mai Landmark 81","Tầng L02, TTTM Vincom Landmark 81, 720A Điện Biên Phủ, Bình Thạnh, TP.HCM","TP. Hồ Chí Minh","true"
"3100","5f26ca48-59a5-5f66-b2c2-52994224eabf","Ssamjang Royal City","Tầng B2, TTTM Royal City, 72A Nguyễn Trãi, Thanh Xuân, Hà Nội","Hà Nội","true"
"3101","0c22bc5b-24a0-5edc-8ff5-7b1e822c83e7","Hoàng Yến Buffet Vạn Hạnh Mall","Tầng 5, Vạn Hạnh Mall, 11 Sư Vạn Hạnh, Quận 10, TP.HCM","TP. Hồ Chí Minh","true"
"3102","0c22bc5b-24a0-5edc-8ff5-7b1e822c83e7","Hoàng Yến Cuisine Hai Bà Trưng","148 Hai Bà Trưng, Phường Tân Định, Quận 1, TP.HCM","TP. Hồ Chí Minh","true"
"3103","0c22bc5b-24a0-5edc-8ff5-7b1e822c83e7","Hoàng Yến Cuisine Ngô Đức Kế","7-9 Ngô Đức Kế, Phường Bến Nghé, Quận 1, TP.HCM","TP. Hồ Chí Minh","true"
"3104","0c22bc5b-24a0-5edc-8ff5-7b1e822c83e7","Hoàng Yến Cuisine Hồ Bán Nguyệt","Lô CR1-12, 103 Tôn Dật Tiên, Phường Tân Phú, Quận 7, TP.HCM","TP. Hồ Chí Minh","true"
"3105","0c22bc5b-24a0-5edc-8ff5-7b1e822c83e7","Trống Cơm Vincom Thảo Điền","Tầng 5, Vincom Mega Mall Thảo Điền, TP. Thủ Đức, TP.HCM","TP. Hồ Chí Minh","true"
"3106","0c22bc5b-24a0-5edc-8ff5-7b1e822c83e7","Chảo Cá Crescent Mall","Tầng 5, Crescent Mall, 101 Tôn Dật Tiên, Phường Tân Phú, Quận 7, TP.HCM","TP. Hồ Chí Minh","true"
"3107","9ee43949-aa89-561f-b6de-f1341ccb146b","Bu Too Mac Sky Garden","101/1 Đường Số 28, Khu Phố Sky Garden 2, Tân Phong, Quận 7, TP.HCM","TP. Hồ Chí Minh","true"
"3108","3da09338-3f05-54b3-a907-e20f86565d55","Ngân Đình Windsor Plaza","Tầng 5, Khách Sạn Windsor Plaza, 18 An Dương Vương, Quận 5, TP.HCM","TP. Hồ Chí Minh","true"
"3109","d588af35-28f1-5da1-9008-ba5bc52aa315","Baoz Dimsum Nguyễn Tri Phương","88 Nguyễn Tri Phương, Phường 7, Quận 5, TP.HCM","TP. Hồ Chí Minh","true"
"3110","d588af35-28f1-5da1-9008-ba5bc52aa315","Baoz Dimsum Lê Đại Hành","299 Lê Đại Hành, Phường 13, Quận 11, TP.HCM","TP. Hồ Chí Minh","true"
"3111","a7deb464-f263-5249-bfd7-b8b19ead9447","Phúc Lộc Thọ Tô Ngọc Vân","124 Tô Ngọc Vân, Phường Linh Tây, TP. Thủ Đức, TP.HCM","TP. Hồ Chí Minh","true"
"3112","a7deb464-f263-5249-bfd7-b8b19ead9447","Phúc Lộc Thọ Quang Trung","538 Quang Trung, Phường 11, Quận Gò Vấp, TP.HCM","TP. Hồ Chí Minh","true"
"3113","1a7643b2-0267-5463-a3cc-96885029de36","Cân Taiwanese Street Hotpot","110 Nguyễn Gia Trí, Phường 25, Quận Bình Thạnh, TP.HCM","TP. Hồ Chí Minh","true"
"3114","312f6043-ba68-5ca0-92ff-9bf147757274","Bornga Landmark 81","Tầng L5-01, Vincom Landmark 81, 720A Điện Biên Phủ, Bình Thạnh, TP.HCM","TP. Hồ Chí Minh","true"
"3115","71305ebd-5ebb-5b0b-872f-36f9d5aad54c","San Fu Lou AB Tower","Tầng Trệt, AB Tower, 76A Lê Lai, Phường Bến Thành, Quận 1, TP.HCM","TP. Hồ Chí Minh","true"
"3116","71305ebd-5ebb-5b0b-872f-36f9d5aad54c","San Fu Lou Vincom Đồng Khởi","Tầng B3, Vincom Center, 72 Lê Thánh Tôn, Bến Nghé, Quận 1, TP.HCM","TP. Hồ Chí Minh","true"
"3117","71305ebd-5ebb-5b0b-872f-36f9d5aad54c","San Fu Lou Vincom Metropolis","Tầng 1, Vincom Metropolis, 29 Liễu Giai, Ba Đình, Hà Nội","Hà Nội","true"
"3118","b1154d50-bd45-5a7c-b838-f83d5fce4ff2","Jinro BBQ Huỳnh Thúc Kháng","9A Huỳnh Thúc Kháng, Phường Láng Hạ, Quận Đống Đa, Hà Nội","Hà Nội","true"
"3119","b1154d50-bd45-5a7c-b838-f83d5fce4ff2","Jinro BBQ Trung Hòa","Tầng 1, Toà M3-M4, Nguyễn Thị Thập, Trung Hòa, Cầu Giấy, Hà Nội","Hà Nội","true"
"3120","3d5f5c02-2fb8-5f24-9148-5cd308d2a4b6","Jeonbok Hàm Long","32 Hàm Long, Phường Hàng Bài, Quận Hoàn Kiếm, Hà Nội","Hà Nội","true"
"3121","5fab0897-ab01-5c33-9083-c27c4d7ece37","Bắc Kim Thang Bình Thạnh","50B Huỳnh Tịnh Của, Phường 19, Quận Bình Thạnh, TP.HCM","TP. Hồ Chí Minh","true"
"3122","147fa154-87b5-5afe-9793-4816b8cce4f7","Sargon Bistro Nguyễn Thị Minh Khai","382/24 Nguyễn Thị Minh Khai, Phường 5, Quận 3, TP.HCM","TP. Hồ Chí Minh","true"
"3123","7ce486b6-0ed8-5c7b-90f3-54183bb7636a","Hệ thống Toàn Quốc","Áp dụng tại toàn bộ hệ thống cửa hàng trên toàn quốc","Toàn Quốc","true"
"3124","172b04ec-ec8f-547a-9e96-4694e16be114","BaoYu Hotpot Sư Vạn Hạnh","816 Sư Vạn Hạnh, Phường 12, Quận 10, TP.HCM","TP. Hồ Chí Minh","true"
"3125","6d60a660-3df6-5088-9e02-5f18e0966b55","A Mà Kitchen Tôn Thất Thiệp","23 Tôn Thất Thiệp, Phường Bến Nghé, Quận 1, TP.HCM","TP. Hồ Chí Minh","true"
"3126","aea81dbf-6ba2-526f-993f-a72fc76f08c3","Crispy Donuts Nguyễn Huệ","42 Nguyễn Huệ, Phường Bến Nghé, Quận 1, TP.HCM","TP. Hồ Chí Minh","true"
"3127","8261ec83-2ecf-5a75-84a8-13925fb218de","Don Chicken Hồ Tùng Mậu","25 Hồ Tùng Mậu, Phường Bến Nghé, Quận 1, TP.HCM","TP. Hồ Chí Minh","true"
"3128","8261ec83-2ecf-5a75-84a8-13925fb218de","Don Chicken Hàng Bông","250 Hàng Bông, Phường Cửa Nam, Quận Hoàn Kiếm, Hà Nội","Hà Nội","true"
"3129","dfc3b971-efeb-5196-88f2-6926c8c5ed74","Pizza 4P's Lê Thánh Tôn","8/15 Lê Thánh Tôn, Phường Bến Nghé, Quận 1, TP.HCM","TP. Hồ Chí Minh","true"
"3130","dfc3b971-efeb-5196-88f2-6926c8c5ed74","Pizza 4P's Saigon Pearl","92 Nguyễn Hữu Cảnh, Phường 22, Quận Bình Thạnh, TP.HCM","TP. Hồ Chí Minh","true"
"3131","dfc3b971-efeb-5196-88f2-6926c8c5ed74","Pizza 4P's Tràng Tiền","43 Tràng Tiền, Phường Tràng Tiền, Quận Hoàn Kiếm, Hà Nội","Hà Nội","true"
"3132","dfc3b971-efeb-5196-88f2-6926c8c5ed74","Pizza 4P's Lotte Center","Tầng 1, Lotte Center, 54 Liễu Giai, Ba Đình, Hà Nội","Hà Nội","true"
"3133","74d940b2-99b8-55fb-aebd-ac799cc024dd","June Noodle House Tân Sơn Nhì","92 Tân Sơn Nhì, Phường Tân Sơn Nhì, Quận Tân Phú, TP.HCM","TP. Hồ Chí Minh","true"
"3134","3aec6f70-a716-549a-9c54-2dbebaed5857","TOUS les JOURS Hai Bà Trưng","180 Hai Bà Trưng, Phường Đa Kao, Quận 1, TP.HCM","TP. Hồ Chí Minh","true"
"3135","3aec6f70-a716-549a-9c54-2dbebaed5857","TOUS les JOURS Phố Huế","123 Phố Huế, Phường Ngô Thì Nhậm, Quận Hai Bà Trưng, Hà Nội","Hà Nội","true"
"3136","8c07a31d-3a70-5d1a-95bd-d87b8fd73c17","Saga Coffee Capital Place","Tầng B1, Toà Nhà Capital Place, 29 Liễu Giai, Ba Đình, Hà Nội","Hà Nội","true"
"3137","8c07a31d-3a70-5d1a-95bd-d87b8fd73c17","Saga Coffee Hanoi Centre","175 Nguyễn Thái Học, Phường Ô Chợ Dừa, Quận Đống Đa, Hà Nội","Hà Nội","true"
"3138","1d9ffc48-b20c-50c4-8710-b85ffd0fbfb2","BreadTalk Vincom Đồng Khởi","Tầng B2, Vincom Center, 72 Lê Thánh Tôn, Bến Nghé, Quận 1, TP.HCM","TP. Hồ Chí Minh","true"
"3139","1d9ffc48-b20c-50c4-8710-b85ffd0fbfb2","BreadTalk Times City","Tầng B1, Times City, 458 Minh Khai, Hai Bà Trưng, Hà Nội","Hà Nội","true"
"3140","dc50898a-9b60-576f-847a-298c82466558","Gong Cha Hồ Tùng Mậu","83 Hồ Tùng Mậu, Phường Bến Nghé, Quận 1, TP.HCM","TP. Hồ Chí Minh","true"
"3141","dc50898a-9b60-576f-847a-298c82466558","Gong Cha Lý Thường Kiệt","56 Lý Thường Kiệt, Phường Hàng Bài, Quận Hoàn Kiếm, Hà Nội","Hà Nội","true"
"3142","2babcfb5-7b6c-5897-b84e-8d2646a9194b","Hệ thống Toàn Quốc","Áp dụng tại toàn bộ hệ thống cửa hàng trên toàn quốc","Toàn Quốc","true"
"3143","0ce49726-b99a-5063-bd2a-0190ac7d127d","Chi nhánh Hà Nội","các cửa hàng Beard Papa's thuộc khu vực Hà Nội","Hà Nội","true"
"3144","963a493f-b1f9-57da-8276-f2c92a66ac40","Cộng Cà Phê Tràng Tiền","35A Tràng Tiền, Phường Tràng Tiền, Quận Hoàn Kiếm, Hà Nội","Hà Nội","true"
"3145","963a493f-b1f9-57da-8276-f2c92a66ac40","Cộng Cà Phê Bùi Viện","127 Bùi Viện, Phường Phạm Ngũ Lão, Quận 1, TP.HCM","TP. Hồ Chí Minh","true"
"3146","6bba4d0a-c960-536e-abde-dbddd28b822a","PNJ Next Hai Bà Trưng","196 Hai Bà Trưng, Phường Tân Định, Quận 1, TP.HCM","TP. Hồ Chí Minh","true"
"3147","6bba4d0a-c960-536e-abde-dbddd28b822a","PNJ Cầu Giấy","256 Cầu Giấy, Phường Quan Hoa, Quận Cầu Giấy, Hà Nội","Hà Nội","true"
"3148","6bba4d0a-c960-536e-abde-dbddd28b822a","PNJ Đà Nẵng","70 Trần Phú, Phường Hải Châu 1, Quận Hải Châu, Đà Nẵng","Đà Nẵng","true"
"3149","72bcf95b-a65b-5c0c-8aed-e0d71130729e","Liti Florist Phố Huế","229 Phố Huế, Phường Phố Huế, Quận Hai Bà Trưng, Hà Nội","Hà Nội","true"
"3150","72bcf95b-a65b-5c0c-8aed-e0d71130729e","Liti Florist Nam Kỳ Khởi Nghĩa","162 Nam Kỳ Khởi Nghĩa, Phường 6, Quận 3, TP.HCM","TP. Hồ Chí Minh","true"
"3151","012eb927-57a1-542c-bf81-e9d2692aed37","Ninh Khương Đồng Khởi","83 Đồng Khởi, Phường Bến Nghé, Quận 1, TP.HCM","TP. Hồ Chí Minh","true"
"3152","012eb927-57a1-542c-bf81-e9d2692aed37","Ninh Khương Vincom Bà Triệu","Tầng 4, Vincom Center, 191 Bà Triệu, Hai Bà Trưng, Hà Nội","Hà Nội","true"
"3153","29d89526-6593-558a-9da2-0b24dce1769f","MARC Fashion Lê Văn Sỹ","223 Lê Văn Sỹ, Phường 13, Quận 3, TP.HCM","TP. Hồ Chí Minh","true"
"3154","29d89526-6593-558a-9da2-0b24dce1769f","MARC Fashion Cầu Giấy","215 Cầu Giấy, Phường Dịch Vọng, Quận Cầu Giấy, Hà Nội","Hà Nội","true"
"3155","ccbb17a7-82c7-594c-80f1-4ac87f462a17","Rabity Vincom Thảo Điền","Tầng 3, Vincom Thảo Điền, TP. Thủ Đức, TP.HCM","TP. Hồ Chí Minh","true"
"3156","ccbb17a7-82c7-594c-80f1-4ac87f462a17","Rabity Times City","Tầng B1, Times City, 458 Minh Khai, Hai Bà Trưng, Hà Nội","Hà Nội","true"
"3157","164c1daf-c1ac-5bbd-935f-980040853762","Dottie Nguyễn Trãi","170 Nguyễn Trãi, Phường Bến Thành, Quận 1, TP.HCM","TP. Hồ Chí Minh","true"
"3158","5d02a647-3591-5f2b-9be4-8a3d659b65c6","Hệ thống Toàn Quốc","Áp dụng tại toàn bộ hệ thống cửa hàng trên toàn quốc","Toàn Quốc","true"
"3159","cd27918b-fad9-5c31-85e4-b20a57459a6f","Soc&Brothers Phan Chu Trinh","21 Phan Chu Trinh, Phường Phan Chu Trinh, Quận Hoàn Kiếm, Hà Nội","Hà Nội","true"
"3160","cd27918b-fad9-5c31-85e4-b20a57459a6f","Soc&Brothers Nguyễn Đình Chiểu","557 Nguyễn Đình Chiểu, Phường 2, Quận 3, TP.HCM","TP. Hồ Chí Minh","true"
"3161","dfb435b2-058e-5322-aad0-5f749c41aee1","Showroom Hoa Yêu Thương Hồ Hảo Hớn","17 Hồ Hảo Hớn, Phường Cô Giang, Quận 1, TP.HCM","TP. Hồ Chí Minh","true"
"3162","dfb435b2-058e-5322-aad0-5f749c41aee1","Showroom Hoa Yêu Thương Trần Hưng Đạo","270F Trần Hưng Đạo, Phường Nguyễn Cư Trinh, Quận 1, TP.HCM","TP. Hồ Chí Minh","true"
"3163","18b7d5d9-45c9-5633-ab52-706123876787","GS25 Landmark Plus","Tầng 1, Toà Landmark Plus, 208 Nguyễn Hữu Cảnh, Bình Thạnh, TP.HCM","TP. Hồ Chí Minh","true"
"3164","18b7d5d9-45c9-5633-ab52-706123876787","GS25 Masteri Thảo Điền","T1-A0108 Masteri Thảo Điền, 159 Xa Lộ Hà Nội, TP. Thủ Đức, TP.HCM","TP. Hồ Chí Minh","true"
"3165","6ea20d88-c2fa-5bf3-9dbe-83c82b30067a","Hệ thống Toàn Quốc","Áp dụng tại toàn bộ hệ thống cửa hàng trên toàn quốc","Toàn Quốc","true"
"3166","57316324-2bcf-55c6-b2b2-555e84b02f95","Lock&Lock Vincom Đồng Khởi","Tầng B2, Vincom Center, 72 Lê Thánh Tôn, Bến Nghé, Quận 1, TP.HCM","TP. Hồ Chí Minh","true"
"3167","57316324-2bcf-55c6-b2b2-555e84b02f95","Lock&Lock Royal City","Tầng B2, Royal City, 72A Nguyễn Trãi, Thanh Xuân, Hà Nội","Hà Nội","true"
"3168","a507fa92-c231-5d8e-8688-05ccda022792","K-Market Golden Palace","Tầng 1, Toà Golden Palace, Mễ Trì, Nam Từ Liêm, Hà Nội","Hà Nội","true"
"3169","a507fa92-c231-5d8e-8688-05ccda022792","K-Market Sky Garden","S55-1 Tòa nhà Sky Garden 3, Tân Phong, Quận 7, TP.HCM","TP. Hồ Chí Minh","true"
"3170","605fe23f-bc1c-58aa-a408-20c79f06c8d1","Trụ sở Be Group TP.HCM","Tầng 16, Sai Gon Tower, 29 Lê Duẩn, Bến Nghé, Quận 1, TP.HCM","TP. Hồ Chí Minh","true"
"3171","605fe23f-bc1c-58aa-a408-20c79f06c8d1","Chi nhánh Be Group Hà Nội","Tầng 8, Toyota Thanh Xuân, 315 Trường Chinh, Thanh Xuân, Hà Nội","Hà Nội","true"
"3172","36d7fd9c-ccb4-538a-92fc-ee2569002a34","Trụ sở Grab Vietnam Mapletree","Tòa nhà Mapletree Business Centre, 1060 Nguyễn Văn Linh, Quận 7, TP.HCM","TP. Hồ Chí Minh","true"
"3173","36d7fd9c-ccb4-538a-92fc-ee2569002a34","Trung tâm Grab Hà Nội","Tầng 1, Tòa nhà Kim Ánh, 78 Duy Tân, Cầu Giấy, Hà Nội","Hà Nội","true"
"3174","e396153a-2587-5475-a0ef-17e9045ed646","Extrim Điện Biên Phủ","127B Điện Biên Phủ, Phường 15, Quận Bình Thạnh, TP.HCM","TP. Hồ Chí Minh","true"
"3175","e396153a-2587-5475-a0ef-17e9045ed646","Extrim Lê Văn Sỹ","285 Lê Văn Sỹ, Phường 1, Quận Tân Bình, TP.HCM","TP. Hồ Chí Minh","true"
"3176","2616ca87-c4a5-5e56-af62-ff53f26a3187","Trụ sở Xanh SM Symphony","Tòa nhà Symphony, Chu Huy Mân, Vinhomes Riverside, Long Biên, Hà Nội","Hà Nội","true"
"3177","2616ca87-c4a5-5e56-af62-ff53f26a3187","Chi nhánh Xanh SM Central Park","Park 7, Vinhomes Central Park, 208 Nguyễn Hữu Cảnh, Bình Thạnh, TP.HCM","TP. Hồ Chí Minh","true"
"3178","d1f1e747-a812-59a2-b803-e762a74dc989","tiNiWorld Landmark 81","Tầng B1, Vincom Landmark 81, 720A Điện Biên Phủ, Bình Thạnh, TP.HCM","TP. Hồ Chí Minh","true"
"3179","d1f1e747-a812-59a2-b803-e762a74dc989","tiNiWorld Saigon Centre","Tầng 4, Saigon Centre, 65 Lê Lợi, Bến Nghé, Quận 1, TP.HCM","TP. Hồ Chí Minh","true"
"3180","d1f1e747-a812-59a2-b803-e762a74dc989","tiNiWorld Vincom Times City","Tầng B1, TTTM Times City, 458 Minh Khai, Hai Bà Trưng, Hà Nội","Hà Nội","true"
"3181","d1f1e747-a812-59a2-b803-e762a74dc989","tiNiWorld Vincom Metropolis","Tầng 3, Vincom Metropolis, 29 Liễu Giai, Ba Đình, Hà Nội","Hà Nội","true"
